{"total_crashes": 6232, "last_crash_time": 1770047334.876714, "consecutive_fast_crashes": 0, "current_pid": 2471064, "started_at": 1769966328.1290147}